study	qtl_group	expression_matrix	phenotype_meta	sample_meta	vcf	phenotype_list	covariates
Fairfax_2014	monocyte_naive	/gpfs/hpc/home/a72094/datasets/processed/expression_matrices/HumanHT-12_V4/Fairfax_2014.HumanHT-12_V4_norm_exprs.tsv	/gpfs/hpc/home/a72094/annotations/eQTLCatalogue/v0.1/phenotype_metadata/HumanHT-12_V4_Ensembl_96_phenotype_metadata.tsv.gz	/gpfs/hpc/home/a72094/datasets/controlled_access/SampleArcheology/studies/cleaned/Fairfax_2014.tsv	/gpfs/hpc/home/a72094/datasets/controlled_access/Fairfax_2014/genotypes/Michigan_GRCh37_1KGPhase3_061118/GRCh38/Fairfax_2014_GRCh38.filtered.renamed.vcf.gz	/gpfs/hpc/home/a72094/datasets/summary_stats/eQTLCatalogue/v0.1/summary_stats/Fairfax_2014/monocyte_naive.permuted.txt.gz	/gpfs/hpc/home/a72094/datasets/summary_stats/eQTLCatalogue/v0.1/pipeline_output/Fairfax_2014/PCA/monocyte_naive.covariates.txt
Fairfax_2014	monocyte_LPS2	/gpfs/hpc/home/a72094/datasets/processed/expression_matrices/HumanHT-12_V4/Fairfax_2014.HumanHT-12_V4_norm_exprs.tsv	/gpfs/hpc/home/a72094/annotations/eQTLCatalogue/v0.1/phenotype_metadata/HumanHT-12_V4_Ensembl_96_phenotype_metadata.tsv.gz	/gpfs/hpc/home/a72094/datasets/controlled_access/SampleArcheology/studies/cleaned/Fairfax_2014.tsv	/gpfs/hpc/home/a72094/datasets/controlled_access/Fairfax_2014/genotypes/Michigan_GRCh37_1KGPhase3_061118/GRCh38/Fairfax_2014_GRCh38.filtered.renamed.vcf.gz	/gpfs/hpc/home/a72094/datasets/summary_stats/eQTLCatalogue/v0.1/summary_stats/Fairfax_2014/monocyte_LPS2.permuted.txt.gz	/gpfs/hpc/home/a72094/datasets/summary_stats/eQTLCatalogue/v0.1/pipeline_output/Fairfax_2014/PCA/monocyte_LPS2.covariates.txt
Fairfax_2014	monocyte_LPS24	/gpfs/hpc/home/a72094/datasets/processed/expression_matrices/HumanHT-12_V4/Fairfax_2014.HumanHT-12_V4_norm_exprs.tsv	/gpfs/hpc/home/a72094/annotations/eQTLCatalogue/v0.1/phenotype_metadata/HumanHT-12_V4_Ensembl_96_phenotype_metadata.tsv.gz	/gpfs/hpc/home/a72094/datasets/controlled_access/SampleArcheology/studies/cleaned/Fairfax_2014.tsv	/gpfs/hpc/home/a72094/datasets/controlled_access/Fairfax_2014/genotypes/Michigan_GRCh37_1KGPhase3_061118/GRCh38/Fairfax_2014_GRCh38.filtered.renamed.vcf.gz	/gpfs/hpc/home/a72094/datasets/summary_stats/eQTLCatalogue/v0.1/summary_stats/Fairfax_2014/monocyte_LPS24.permuted.txt.gz	/gpfs/hpc/home/a72094/datasets/summary_stats/eQTLCatalogue/v0.1/pipeline_output/Fairfax_2014/PCA/monocyte_LPS24.covariates.txt
Fairfax_2014	monocyte_IFN24	/gpfs/hpc/home/a72094/datasets/processed/expression_matrices/HumanHT-12_V4/Fairfax_2014.HumanHT-12_V4_norm_exprs.tsv	/gpfs/hpc/home/a72094/annotations/eQTLCatalogue/v0.1/phenotype_metadata/HumanHT-12_V4_Ensembl_96_phenotype_metadata.tsv.gz	/gpfs/hpc/home/a72094/datasets/controlled_access/SampleArcheology/studies/cleaned/Fairfax_2014.tsv	/gpfs/hpc/home/a72094/datasets/controlled_access/Fairfax_2014/genotypes/Michigan_GRCh37_1KGPhase3_061118/GRCh38/Fairfax_2014_GRCh38.filtered.renamed.vcf.gz	/gpfs/hpc/home/a72094/datasets/summary_stats/eQTLCatalogue/v0.1/summary_stats/Fairfax_2014/monocyte_IFN24.permuted.txt.gz	/gpfs/hpc/home/a72094/datasets/summary_stats/eQTLCatalogue/v0.1/pipeline_output/Fairfax_2014/PCA/monocyte_IFN24.covariates.txt
Fairfax_2012	B-cell_CD19	/gpfs/hpc/home/a72094/datasets/processed/expression_matrices/HumanHT-12_V4/Fairfax_2012.HumanHT-12_V4_norm_exprs.tsv	/gpfs/hpc/home/a72094/annotations/eQTLCatalogue/v0.1/phenotype_metadata/HumanHT-12_V4_Ensembl_96_phenotype_metadata.tsv.gz	/gpfs/hpc/home/a72094/datasets/controlled_access/SampleArcheology/studies/cleaned/Fairfax_2014.tsv	/gpfs/hpc/home/a72094/datasets/controlled_access/Fairfax_2014/genotypes/Michigan_GRCh37_1KGPhase3_061118/GRCh38/Fairfax_2014_GRCh38.filtered.renamed.vcf.gz	/gpfs/hpc/home/a72094/datasets/summary_stats/eQTLCatalogue/v0.1/summary_stats/Fairfax_2012/B-cell_CD19.permuted.txt.gz	/gpfs/hpc/home/a72094/datasets/summary_stats/eQTLCatalogue/v0.1/pipeline_output/Fairfax_2012/PCA/B-cell_CD19.covariates.txt
Naranbhai_2015	neutrophil_CD16	/gpfs/hpc/home/a72094/datasets/processed/expression_matrices/HumanHT-12_V4/Naranbhai_2015.HumanHT-12_V4_norm_exprs.tsv	/gpfs/hpc/home/a72094/annotations/eQTLCatalogue/v0.1/phenotype_metadata/HumanHT-12_V4_Ensembl_96_phenotype_metadata.tsv.gz	/gpfs/hpc/home/a72094/datasets/controlled_access/SampleArcheology/studies/cleaned/Naranbhai_2015.tsv	/gpfs/hpc/home/a72094/datasets/controlled_access/Fairfax_2014/genotypes/Michigan_GRCh37_1KGPhase3_061118/GRCh38/Fairfax_2014_GRCh38.filtered.renamed.vcf.gz	/gpfs/hpc/home/a72094/datasets/summary_stats/eQTLCatalogue/v0.1/summary_stats/Naranbhai_2015/neutrophil_CD16.permuted.txt.gz	/gpfs/hpc/home/a72094/datasets/summary_stats/eQTLCatalogue/v0.1/pipeline_output/Naranbhai_2015/PCA/neutrophil_CD16.covariates.txt
Kasela_2017	T-cell_CD4	/gpfs/hpchome/a72094/datasets/processed/expression_matrices/HumanHT-12_V4/Kasela_2017.HumanHT-12_V4_norm_exprs.tsv	/gpfs/hpc/home/a72094/annotations/eQTLCatalogue/v0.1/phenotype_metadata/HumanHT-12_V4_Ensembl_96_phenotype_metadata.tsv.gz	/gpfs/hpc/home/a72094/datasets/controlled_access/SampleArcheology/studies/cleaned/Kasela_2017.tsv	/gpfs/hpc/home/a72094/datasets/controlled_access/Kasela_2017/genotypes/Michigan_GRCh37_1KGPhase3_220119/GRCh38/Kasela_2017_GRCh38.filtered.vcf.gz	/gpfs/hpc/home/a72094/datasets/summary_stats/eQTLCatalogue/v0.1/summary_stats/Kasela_2017/T-cell_CD4.permuted.txt.gz	/gpfs/hpc/home/a72094/datasets/summary_stats/eQTLCatalogue/v0.1/pipeline_output/Kasela_2017/PCA/T-cell_CD4.covariates.txt
Kasela_2017	T-cell_CD8	/gpfs/hpchome/a72094/datasets/processed/expression_matrices/HumanHT-12_V4/Kasela_2017.HumanHT-12_V4_norm_exprs.tsv	/gpfs/hpc/home/a72094/annotations/eQTLCatalogue/v0.1/phenotype_metadata/HumanHT-12_V4_Ensembl_96_phenotype_metadata.tsv.gz	/gpfs/hpc/home/a72094/datasets/controlled_access/SampleArcheology/studies/cleaned/Kasela_2017.tsv	/gpfs/hpc/home/a72094/datasets/controlled_access/Kasela_2017/genotypes/Michigan_GRCh37_1KGPhase3_220119/GRCh38/Kasela_2017_GRCh38.filtered.vcf.gz	/gpfs/hpc/home/a72094/datasets/summary_stats/eQTLCatalogue/v0.1/summary_stats/Kasela_2017/T-cell_CD8.permuted.txt.gz	/gpfs/hpc/home/a72094/datasets/summary_stats/eQTLCatalogue/v0.1/pipeline_output/Kasela_2017/PCA/T-cell_CD8.covariates.txt
CEDAR	T-cell_CD4	/gpfs/hpchome/a72094/datasets/processed/expression_matrices/HumanHT-12_V4/CEDAR.HumanHT-12_V4_norm_exprs.tsv	/gpfs/hpc/home/a72094/annotations/eQTLCatalogue/v0.1/phenotype_metadata/HumanHT-12_V4_Ensembl_96_phenotype_metadata.tsv.gz	/gpfs/hpc/home/a72094/datasets/controlled_access/SampleArcheology/studies/cleaned/CEDAR.tsv	/gpfs/hpc/home/a72094/datasets/open_access/CEDAR/genotypes/Michigan_GRCh37_1KGPhase3_220918/GRCh38/CEDAR_GRCh38.filtered.renamed.vcf.gz	/gpfs/hpc/home/a72094/datasets/summary_stats/eQTLCatalogue/v0.1/summary_stats/CEDAR/T-cell_CD4.permuted.txt.gz	/gpfs/hpc/home/a72094/datasets/summary_stats/eQTLCatalogue/v0.1/pipeline_output/CEDAR/PCA/T-cell_CD4.covariates.txt
CEDAR	T-cell_CD8	/gpfs/hpchome/a72094/datasets/processed/expression_matrices/HumanHT-12_V4/CEDAR.HumanHT-12_V4_norm_exprs.tsv	/gpfs/hpc/home/a72094/annotations/eQTLCatalogue/v0.1/phenotype_metadata/HumanHT-12_V4_Ensembl_96_phenotype_metadata.tsv.gz	/gpfs/hpc/home/a72094/datasets/controlled_access/SampleArcheology/studies/cleaned/CEDAR.tsv	/gpfs/hpc/home/a72094/datasets/open_access/CEDAR/genotypes/Michigan_GRCh37_1KGPhase3_220918/GRCh38/CEDAR_GRCh38.filtered.renamed.vcf.gz	/gpfs/hpc/home/a72094/datasets/summary_stats/eQTLCatalogue/v0.1/summary_stats/CEDAR/T-cell_CD8.permuted.txt.gz	/gpfs/hpc/home/a72094/datasets/summary_stats/eQTLCatalogue/v0.1/pipeline_output/CEDAR/PCA/T-cell_CD8.covariates.txt
CEDAR	monocyte_CD14	/gpfs/hpchome/a72094/datasets/processed/expression_matrices/HumanHT-12_V4/CEDAR.HumanHT-12_V4_norm_exprs.tsv	/gpfs/hpc/home/a72094/annotations/eQTLCatalogue/v0.1/phenotype_metadata/HumanHT-12_V4_Ensembl_96_phenotype_metadata.tsv.gz	/gpfs/hpc/home/a72094/datasets/controlled_access/SampleArcheology/studies/cleaned/CEDAR.tsv	/gpfs/hpc/home/a72094/datasets/open_access/CEDAR/genotypes/Michigan_GRCh37_1KGPhase3_220918/GRCh38/CEDAR_GRCh38.filtered.renamed.vcf.gz	/gpfs/hpc/home/a72094/datasets/summary_stats/eQTLCatalogue/v0.1/summary_stats/CEDAR/monocyte_CD14.permuted.txt.gz	/gpfs/hpc/home/a72094/datasets/summary_stats/eQTLCatalogue/v0.1/pipeline_output/CEDAR/PCA/monocyte_CD14.covariates.txt
CEDAR	neutrophil_CD15	/gpfs/hpchome/a72094/datasets/processed/expression_matrices/HumanHT-12_V4/CEDAR.HumanHT-12_V4_norm_exprs.tsv	/gpfs/hpc/home/a72094/annotations/eQTLCatalogue/v0.1/phenotype_metadata/HumanHT-12_V4_Ensembl_96_phenotype_metadata.tsv.gz	/gpfs/hpc/home/a72094/datasets/controlled_access/SampleArcheology/studies/cleaned/CEDAR.tsv	/gpfs/hpc/home/a72094/datasets/open_access/CEDAR/genotypes/Michigan_GRCh37_1KGPhase3_220918/GRCh38/CEDAR_GRCh38.filtered.renamed.vcf.gz	/gpfs/hpc/home/a72094/datasets/summary_stats/eQTLCatalogue/v0.1/summary_stats/CEDAR/neutrophil_CD15.permuted.txt.gz	/gpfs/hpc/home/a72094/datasets/summary_stats/eQTLCatalogue/v0.1/pipeline_output/CEDAR/PCA/neutrophil_CD14.covariates.txt
CEDAR	platelet	/gpfs/hpchome/a72094/datasets/processed/expression_matrices/HumanHT-12_V4/CEDAR.HumanHT-12_V4_norm_exprs.tsv	/gpfs/hpc/home/a72094/annotations/eQTLCatalogue/v0.1/phenotype_metadata/HumanHT-12_V4_Ensembl_96_phenotype_metadata.tsv.gz	/gpfs/hpc/home/a72094/datasets/controlled_access/SampleArcheology/studies/cleaned/CEDAR.tsv	/gpfs/hpc/home/a72094/datasets/open_access/CEDAR/genotypes/Michigan_GRCh37_1KGPhase3_220918/GRCh38/CEDAR_GRCh38.filtered.renamed.vcf.gz	/gpfs/hpc/home/a72094/datasets/summary_stats/eQTLCatalogue/v0.1/summary_stats/CEDAR/platelet.permuted.txt.gz	/gpfs/hpc/home/a72094/datasets/summary_stats/eQTLCatalogue/v0.1/pipeline_output/CEDAR/PCA/platelet.covariates.txt
CEDAR	B-cell_CD19	/gpfs/hpchome/a72094/datasets/processed/expression_matrices/HumanHT-12_V4/CEDAR.HumanHT-12_V4_norm_exprs.tsv	/gpfs/hpc/home/a72094/annotations/eQTLCatalogue/v0.1/phenotype_metadata/HumanHT-12_V4_Ensembl_96_phenotype_metadata.tsv.gz	/gpfs/hpc/home/a72094/datasets/controlled_access/SampleArcheology/studies/cleaned/CEDAR.tsv	/gpfs/hpc/home/a72094/datasets/open_access/CEDAR/genotypes/Michigan_GRCh37_1KGPhase3_220918/GRCh38/CEDAR_GRCh38.filtered.renamed.vcf.gz	/gpfs/hpc/home/a72094/datasets/summary_stats/eQTLCatalogue/v0.1/summary_stats/CEDAR/B-cell_CD19.permuted.txt.gz	/gpfs/hpc/home/a72094/datasets/summary_stats/eQTLCatalogue/v0.1/pipeline_output/CEDAR/PCA/B-cell_CD19.covariates.txt
